frame,x_px,y_px,angle_raw_rad,angle_unwrap_rad, omega
0,686.257,284.27,0.351883,0.351883,1.72207
1,683.911,278.417,0.380584,0.380584,1.72144
2,681.911,272.417,0.409275,0.409275,1.76936
3,678.731,266.741,0.438764,0.438764,1.80518
4,676.235,260.603,0.46885,0.46885,1.69165
5,673.224,255.181,0.497044,0.497044,1.8118
6,670.316,249.195,0.527241,0.527241,1.7486
7,666.77,243.843,0.556384,0.556384,1.77336
8,663.199,238.412,0.58594,0.58594,1.918
9,659.169,232.655,0.617907,0.617907,1.59982
10,655.795,227.859,0.644571,0.644571,1.89011
11,651.757,222.219,0.676073,0.676073,1.87024
12,647.145,217.133,0.707243,0.707243,1.79913
13,642.767,212.204,0.737229,0.737229,1.83683
14,638.316,207.148,0.767843,0.767843,1.81638
15,633.801,202.236,0.798116,0.798116,1.83382
16,628.661,197.879,0.828679,0.828679,1.82751
17,623.832,193.222,0.859138,0.859138,1.96169
18,618.281,188.637,0.891833,0.891833,1.74169
19,613.199,184.762,0.920861,0.920861,1.9536
20,607.206,180.826,0.953421,0.953421,1.84481
21,601.823,176.72,0.984168,0.984168,1.85088
22,596.309,172.733,1.01502,1.01502,1.9074
23,590.286,169.151,1.04681,1.04681,1.85013
24,584.334,165.872,1.07764,1.07764,1.97626
25,577.797,162.716,1.11058,1.11058,1.8201
26,571.772,159.834,1.14091,1.14091,1.97551
27,565.209,156.739,1.17384,1.17384,1.89934
28,558.671,154.308,1.20549,1.20549,1.86431
29,552.279,151.859,1.23657,1.23657,1.84612
30,545.805,149.85,1.26734,1.26734,1.85872
31,539.279,147.86,1.29831,1.29831,1.9764
32,532.306,145.834,1.33125,1.33125,1.82618
33,525.797,144.186,1.36169,1.36169,1.94908
34,518.695,143.197,1.39417,1.39417,1.90077
35,511.834,141.909,1.42585,1.42585,1.8343
36,505.19,140.715,1.45643,1.45643,1.86396
37,498.351,140.216,1.48749,1.48749,1.94843
38,491.198,139.892,1.51997,1.51997,1.89097
39,484.252,139.879,1.55148,1.55148,1.91502
40,477.226,139.88,1.5834,1.5834,1.89918
41,470.252,139.879,1.61505,1.61505,1.76238
42,463.795,140.308,1.64442,1.64442,1.93805
43,456.693,140.798,1.67673,1.67673,1.87912
44,449.868,141.839,1.70804,1.70804,1.83304
45,443.195,142.725,1.7386,1.7386,1.90521
46,436.296,143.903,1.77035,1.77035,1.79936
47,429.805,145.179,1.80034,1.80034,1.84159
48,423.191,146.65,1.83103,1.83103,1.86577
49,416.641,148.706,1.86213,1.86213,1.78794
50,410.377,150.698,1.89193,1.89193,1.86643
51,403.781,152.639,1.92303,1.92303,1.76586
52,397.783,155.148,1.95246,1.95246,1.79185
53,391.767,157.841,1.98233,1.98233,1.79755
54,385.781,160.639,2.01229,2.01229,1.76688
55,379.781,163.163,2.04174,2.04174,1.9017
56,373.766,166.752,2.07343,2.07343,1.70786
57,368.305,169.846,2.1019,2.1019,1.78128
58,362.668,173.179,2.13158,2.13158,1.73508
59,357.326,176.667,2.1605,2.1605,1.8198
60,351.718,180.323,2.19083,2.19083,1.73431
61,346.731,184.307,2.21974,2.21974,1.65173
62,341.793,187.852,2.24727,2.24727,1.7393
63,336.795,191.852,2.27625,2.27625,1.71503
64,332.365,196.365,2.30484,2.30484,1.63289
65,327.841,200.311,2.33205,2.33205,1.76747
66,323.121,204.78,2.36151,2.36151,1.53739
67,319.121,208.78,2.38713,2.38713,1.60606
68,315.261,213.255,2.4139,2.4139,1.67233
69,311.194,217.868,2.44177,2.44177,1.73349
70,307.143,222.792,2.47066,2.47066,1.49383
71,303.803,227.154,2.49556,2.49556,1.59617
72,300.294,231.861,2.52216,2.52216,1.6641
73,296.687,236.811,2.5499,2.5499,1.57575
74,293.84,241.874,2.57616,2.57616,1.46931
75,290.729,246.303,2.60065,2.60065,1.5466
76,287.814,251.192,2.62643,2.62643,1.54676
77,285.254,256.278,2.65221,2.65221,1.50035
78,282.717,261.177,2.67721,2.67721,1.51494
79,280.308,266.201,2.70246,2.70246,1.50892
80,277.853,271.182,2.72761,2.72761,1.48642
81,275.826,276.262,2.75238,2.75238,1.45553
82,273.781,281.211,2.77664,2.77664,1.42972
83,272.35,286.284,2.80047,2.80047,1.42456
84,270.355,291.135,2.82421,2.82421,1.45229
85,268.757,296.231,2.84842,2.84842,1.26933
86,267.236,300.653,2.86957,2.86957,1.41216
87,266.36,305.794,2.89311,2.89311,1.40761
88,264.69,310.716,2.91657,2.91657,1.40175
89,263.793,315.799,2.93993,2.93993,1.26932
90,262.71,320.346,2.96109,2.96109,1.3016
91,262.362,325.143,2.98278,2.98278,1.30642
92,261.175,329.824,3.00455,3.00455,1.33748
93,260.615,334.715,3.02685,3.02685,1.22018
94,260.299,339.196,3.04718,3.04718,1.27636
95,260.319,343.904,3.06846,3.06846,1.32285
96,259.816,348.741,3.0905,3.0905,1.2017
97,259.816,353.158,3.11053,3.11053,1.28731
98,259.813,357.885,3.13199,3.13199,1.09129
99,259.822,361.89,-3.13301,3.15017,1.18873
100,259.779,366.255,-3.1132,3.16999,1.2171
101,259.838,370.726,-3.09291,3.19027,1.10102
102,260.335,374.746,-3.07456,3.20862,1.17268
103,260.307,379.067,-3.05502,3.22817,1.07505
104,260.787,382.99,-3.0371,3.24608,1.09964
105,261.27,387,-3.01877,3.26441,1.09041
106,261.827,390.966,-3.0006,3.28258,1.12289
107,262.342,395.06,-2.98189,3.3013,1.0866
108,263.176,398.967,-2.96378,3.31941,1.00764
109,263.84,402.606,-2.94698,3.3362,1.1675
110,264.757,406.794,-2.92752,3.35566,0.973516
111,265.094,410.386,-2.9113,3.37189,1.10912
112,266.354,414.275,-2.89281,3.39037,1.00334
113,267.16,417.876,-2.87609,3.40709,0.93389
114,268.359,421.103,-2.86053,3.42266,0.994726
115,269.22,424.659,-2.84395,3.43924,1.061
116,270.662,428.289,-2.82626,3.45692,0.99766
117,271.739,431.79,-2.80964,3.47355,0.829597
118,272.671,434.692,-2.79581,3.48738,1.05705
119,274.329,438.215,-2.77819,3.50499,0.848299
120,275.215,441.21,-2.76405,3.51913,1.02754
121,276.694,444.681,-2.74693,3.53626,0.905121
122,277.777,447.832,-2.73184,3.55134,0.865972
123,279.22,450.672,-2.71741,3.56578,0.945961
124,280.706,453.811,-2.70164,3.58154,0.893374
125,282.234,456.715,-2.68675,3.59643,0.804413
126,283.787,459.237,-2.67335,3.60984,0.909164
127,285.255,462.229,-2.65819,3.62499,0.882991
128,286.668,465.145,-2.64348,3.63971,0.863862
129,288.36,467.828,-2.62908,3.65411,0.853265
130,289.81,470.602,-2.61486,3.66833,0.788054
131,291.172,473.155,-2.60172,3.68146,0.838044
132,292.695,475.829,-2.58776,3.69543,0.896683
133,294.349,478.677,-2.57281,3.71037,0.845762
134,296.249,481.144,-2.55872,3.72447,0.833172
135,297.787,483.795,-2.54483,3.73835,0.867965
136,299.799,486.276,-2.53036,3.75282,0.756627
137,301.24,488.657,-2.51775,3.76543,0.76203
138,303.24,490.657,-2.50505,3.77813,0.768303
139,304.674,493.102,-2.49225,3.79094,0.922749
140,306.709,495.808,-2.47687,3.80632,0.752944
141,308.683,497.766,-2.46432,3.81887,0.811582
142,310.308,500.281,-2.45079,3.83239,0.768241
143,312.308,502.281,-2.43799,3.8452,0.854636
144,314.302,504.699,-2.42375,3.85944,0.777567
145,316.268,506.764,-2.41079,3.8724,0.849709
146,318.335,509.094,-2.39662,3.88656,0.7714
147,320.335,511.094,-2.38377,3.89942,0.772667
148,322.276,513.155,-2.37089,3.9123,0.771943
149,324.276,515.155,-2.35802,3.92516,0.772977
150,326.304,517.131,-2.34514,3.93804,0.780964
151,328.354,519.128,-2.33213,3.95106,0.978136
152,330.674,521.898,-2.31582,3.96736,0.767209
153,332.652,523.909,-2.30304,3.98015,0.745839
154,335.2,525.159,-2.29061,3.99258,0.770278
155,337.2,527.159,-2.27777,4.00542,0.886437
156,339.752,529.17,-2.26299,4.02019,0.886743
157,342.326,531.151,-2.24821,4.03497,0.767008
158,344.326,533.151,-2.23543,4.04775,0.781874
159,346.714,534.747,-2.2224,4.06079,0.874445
160,349.226,536.736,-2.20783,4.07536,0.900387
161,351.801,538.807,-2.19282,4.09037,0.792457
162,354.322,540.272,-2.17961,4.10357,0.845821
163,356.692,542.297,-2.16551,4.11767,0.926041
164,359.761,543.81,-2.15008,4.1331,0.873029
165,362.282,545.802,-2.13553,4.14766,0.755388
166,364.695,547.166,-2.12294,4.16024,1.00953
167,367.823,549.142,-2.10611,4.17707,0.901639
168,370.719,550.735,-2.09109,4.1921,0.928231
169,373.802,552.187,-2.07562,4.20757,0.817642
170,376.29,553.878,-2.06199,4.2212,0.883498
171,379.243,555.216,-2.04726,4.23592,0.949267
172,382.362,556.75,-2.03144,4.25174,1.04771
173,385.845,558.355,-2.01398,4.2692,0.8826
174,388.714,559.849,-1.99927,4.28391,0.921972
175,391.838,561.13,-1.98391,4.29928,1.02112
176,395.214,562.744,-1.96689,4.3163,1.04053
177,398.705,564.279,-1.94954,4.33364,0.998433
178,402.286,565.151,-1.9329,4.35028,0.897499
179,405.233,566.653,-1.91795,4.36524,1.12313
180,409.189,567.796,-1.89923,4.38396,1.03431
181,412.728,569.151,-1.88199,4.4012,1.02033
182,416.31,570.213,-1.86498,4.4182,1.00141
183,419.834,571.222,-1.84829,4.43489,1.12139
184,423.817,572.215,-1.8296,4.45358,1.13852
185,427.857,573.231,-1.81063,4.47256,1.11659
186,431.817,574.24,-1.79202,4.49117,0.970166
187,435.25,575.168,-1.77585,4.50734,1.24487
188,439.773,575.787,-1.7551,4.52808,1.12287
189,443.777,576.745,-1.73639,4.5468,1.11462
190,447.837,577.201,-1.71781,4.56538,1.21026
191,452.226,577.786,-1.69764,4.58555,1.13547
192,456.354,578.26,-1.67871,4.60447,1.22542
193,460.81,578.768,-1.65829,4.6249,1.21966
194,465.258,579.161,-1.63796,4.64522,1.24892
195,469.836,579.126,-1.61715,4.66604,1.22297
196,474.308,579.139,-1.59676,4.68642,1.24756
197,478.866,579.116,-1.57597,4.70721,1.18927
198,483.21,579.148,-1.55615,4.72703,1.39492
199,488.308,579.139,-1.5329,4.75028,1.19883
200,492.697,579.142,-1.51292,4.77026,1.37704
201,497.714,578.68,-1.48997,4.79321,1.2638
202,502.308,578.182,-1.46891,4.81428,1.36275
203,507.267,577.699,-1.44619,4.83699,1.36706
204,512.234,577.118,-1.42341,4.85977,1.37505
205,517.19,576.26,-1.40049,4.88269,1.43279
206,522.305,575.118,-1.37661,4.90657,1.35613
207,527.19,574.26,-1.35401,4.92917,1.42602
208,532.286,573.151,-1.33024,4.95294,1.36981
209,537.134,571.883,-1.30741,4.97577,1.47617
210,542.261,570.186,-1.28281,5.00037,1.56519
211,547.77,568.637,-1.25672,5.02646,1.46057
212,552.745,566.688,-1.23238,5.0508,1.45109
213,557.819,565.124,-1.2082,5.07499,1.44218
214,562.7,563.129,-1.18416,5.09903,1.66266
215,568.321,560.815,-1.15645,5.12674,1.45684
216,573.221,558.721,-1.13217,5.15102,1.51385
217,578.189,556.275,-1.10694,5.17625,1.61936
218,583.225,553.132,-1.07995,5.20324,1.62072
219,588.695,550.785,-1.05294,5.23025,1.60279
220,593.705,547.737,-1.02622,5.25696,1.56848
221,598.679,544.865,-1.00008,5.2831,1.59531
222,603.219,541.155,-0.973493,5.30969,1.66514
223,608.328,537.846,-0.945741,5.33744,1.64579
224,613.216,534.336,-0.918311,5.36487,1.67129
225,617.801,530.288,-0.890456,5.39273,1.65292
226,622.636,526.657,-0.862908,5.42028,1.72621
227,627.195,522.291,-0.834138,5.44905,1.67019
228,631.781,518.263,-0.806301,5.47688,1.74592
229,636.319,513.777,-0.777202,5.50598,1.73775
230,640.672,509.154,-0.74824,5.53495,1.63383
231,644.689,504.738,-0.72101,5.56218,1.79151
232,649.1,499.892,-0.691151,5.59203,1.77386
233,653.029,494.729,-0.661587,5.6216,1.63885
234,656.594,489.916,-0.634272,5.64891,1.89581
235,660.622,484.281,-0.602676,5.68051,1.79114
236,664.262,478.841,-0.572823,5.71036,1.82595
237,667.78,473.172,-0.542391,5.74079,1.72536
238,671.173,467.848,-0.513635,5.76955,1.85591
239,674.278,461.811,-0.482703,5.80048,1.83142
240,677.21,455.794,-0.452179,5.83101,1.82791
241,680.343,449.88,-0.421714,5.86147,1.77359
242,682.749,443.852,-0.392154,5.89103,1.94462
243,685.255,437.199,-0.359744,5.92344,1.78954
244,687.826,431.167,-0.329918,5.95327,1.86592
245,689.725,424.604,-0.29882,5.98437,1.84113
246,691.812,418.195,-0.268134,6.01505,1.79123
247,693.178,411.78,-0.23828,6.04491,1.98984
248,694.688,404.664,-0.205116,6.07807,1.79006
249,696.365,398.318,-0.175282,6.1079,1.98861
250,697.1,391.068,-0.142138,6.14105,1.91049
251,698.235,384.169,-0.110297,6.17289,1.73868
252,698.792,377.831,-0.081319,6.20187,1.94535
253,699.225,370.728,-0.0488964,6.23429,1.88268
254,699.146,363.839,-0.0175184,6.26567,1.94658
255,699.227,356.728,0.0149245,6.29811,1.89405
256,699.173,349.803,0.0464921,6.32968,1.91458
257,698.695,342.819,0.0784018,6.36159,1.90664
258,698.327,335.847,0.110179,6.39336,1.8492
259,697.171,329.175,0.140999,6.42418,1.90794
260,696.338,322.241,0.172798,6.45598,1.95381
261,695.217,315.171,0.205362,6.48855,1.82401
262,693.933,308.607,0.235762,6.51895,1.92617
263,691.867,301.851,0.267865,6.55105,1.90998
264,689.898,295.14,0.299698,6.58288,1.95396
265,687.782,288.303,0.332264,6.61545,1.89427
266,685.164,281.876,0.363835,6.64702,1.77104
267,682.818,275.835,0.393352,6.67654,1.95329
268,680.321,269.119,0.425907,6.70909,1.95953
269,677.164,262.667,0.458566,6.74175,1.78292
270,674.394,256.742,0.488281,6.77147,1.94796
271,670.686,250.631,0.520747,6.80393,1.89046
272,667.235,244.623,0.552255,6.83544,1.86044
273,663.892,238.661,0.583262,6.86645,1.84923
274,659.83,233.217,0.614083,6.89727,1.81833
275,655.847,227.871,0.644388,6.92757,1.85402
276,651.893,222.331,0.675289,6.95847,1.9021
277,647.183,217.174,0.70699,6.99018,1.80873
278,642.674,212.316,0.737136,7.02032,1.8309
279,638.335,207.188,0.767651,7.05084,1.85281
280,633.719,202.189,0.798531,7.08172,1.8176
281,628.638,197.857,0.828824,7.11201,1.83154
282,623.82,193.165,0.85935,7.14254,1.76295
283,618.726,189.172,0.888733,7.17192,1.72375
284,613.825,185.175,0.917462,7.20065,1.87277
285,608.277,181.122,0.948675,7.23186,1.76559
286,603.15,177.14,0.978101,7.26129,1.69781
287,597.838,173.87,1.0064,7.28958,1.70431
288,592.387,170.795,1.0348,7.31799,1.83422
289,586.721,167.141,1.06537,7.34856,1.71817
290,581.117,164.239,1.09401,7.37719,1.73556
291,575.183,161.875,1.12294,7.40612,1.68993
292,569.792,158.765,1.1511,7.43429,1.62835
293,564.369,156.233,1.17824,7.46143,1.71934
294,558.369,154.233,1.2069,7.49008,1.64166
295,552.669,152.283,1.23426,7.51744,1.72447
296,546.669,150.283,1.263,7.54618,1.56221
297,541.273,148.32,1.28903,7.57222,1.71137
298,535.195,146.724,1.31756,7.60074,1.50837
299,529.867,145.186,1.3427,7.62588,1.68759
300,523.806,143.871,1.37082,7.65401,1.53911
301,518.253,142.786,1.39648,7.67966,1.63304
302,512.323,141.858,1.42369,7.70688,1.53451
303,506.728,141.151,1.44927,7.73245,1.64889
304,500.677,140.791,1.47675,7.75993,1.50419
305,495.178,140.31,1.50182,7.785,1.48877
306,489.734,139.749,1.52663,7.80982,1.46861
307,484.334,139.888,1.55111,7.83429,1.54419
308,478.668,139.856,1.57685,7.86003,1.49143
309,473.194,139.86,1.6017,7.88489,1.48439
310,467.736,139.827,1.62644,7.90963,1.39235
311,462.635,140.233,1.64965,7.93283,1.50764
312,457.12,140.752,1.67478,7.95796,1.33884
313,452.213,141.15,1.69709,7.98028,1.40674
314,447.091,141.868,1.72054,8.00372,1.33676
315,442.252,142.729,1.74281,8.026,1.43053
316,437.121,143.883,1.76666,8.04984,1.35648
317,432.214,144.758,1.78926,8.07245,1.41885
318,427.121,145.883,1.81291,8.0961,1.2319
319,422.647,146.682,1.83344,8.11663,1.38728
320,417.784,148.246,1.85657,8.13975,1.34197
321,413.14,149.93,1.87893,8.16212,1.24217
322,408.75,151.195,1.89963,8.18282,1.19034
323,404.635,152.686,1.91947,8.20266,1.26205
324,400.287,154.306,1.94051,8.22369,1.1511
325,396.359,155.88,1.95969,8.24288,1.3482
326,391.794,157.811,1.98216,8.26535,1.2105
327,387.844,159.873,2.00234,8.28552,1.13723
328,383.827,161.159,2.02129,8.30448,1.21488
329,379.827,163.159,2.04154,8.32473,1.0944
330,376.305,165.115,2.05978,8.34297,1.21432
331,372.305,167.115,2.08002,8.3632,1.1393
332,368.634,169.146,2.09901,8.38219,1.08
333,365.182,171.124,2.11701,8.40019,1.16638
334,361.835,173.869,2.13645,8.41963,1.09235
335,358.376,175.914,2.15465,8.43784,1.06
336,355.223,178.208,2.17232,8.4555,1.08319
337,351.796,180.258,2.19037,8.47356,1.07776
338,348.644,182.665,2.20833,8.49152,0.939349
339,345.83,184.673,2.22399,8.50718,1.0841
340,342.724,187.176,2.24206,8.52524,1.07422
341,339.816,189.86,2.25996,8.54315,1.00047
342,336.693,191.862,2.27664,8.55982,0.95724
343,334.287,194.464,2.29259,8.57578,1.08403
344,331.046,196.822,2.31066,8.59384,0.906395
345,328.709,199.21,2.32576,8.60895,0.977325
346,326.29,201.88,2.34205,8.62524,0.948423
347,323.836,204.355,2.35786,8.64105,0.971927
348,321.113,206.691,2.37406,8.65724,0.948323
349,318.677,209.19,2.38986,8.67305,0.894055
350,316.689,211.83,2.40477,8.68795,0.945841
351,314.308,214.365,2.42053,8.70371,0.840906
352,312.371,216.777,2.43454,8.71773,0.860102
353,310.304,219.168,2.44888,8.73206,0.924343
354,308.265,221.888,2.46429,8.74747,0.844406
355,306.336,224.316,2.47836,8.76154,0.8527
356,304.348,226.74,2.49257,8.77576,0.859604
357,302.338,229.182,2.5069,8.79008,0.92255
358,300.295,231.891,2.52227,8.80546,0.795792
359,298.666,234.324,2.53554,8.81872,0.837956
360,296.661,236.688,2.5495,8.83269,0.777759
361,295.284,239.21,2.56246,8.84565,0.810371
362,293.812,241.806,2.57597,8.85916,0.952154
363,291.843,244.704,2.59184,8.87503,0.759018
364,290.397,247.092,2.60449,8.88768,0.871761
365,288.697,249.812,2.61902,8.90221,0.772143
366,287.219,252.241,2.63189,8.91507,0.756996
367,285.925,254.709,2.64451,8.92769,0.901981
368,284.697,257.812,2.65954,8.94272,0.795028
369,283.161,260.309,2.67279,8.95597,0.748872
370,281.821,262.719,2.68527,8.96846,0.899707
371,280.703,265.852,2.70027,8.98345,0.782788
372,279.161,268.309,2.71331,8.9965,0.710247
373,278.246,270.761,2.72515,9.00833,0.935827
374,276.714,273.849,2.74075,9.02393,0.688591
375,275.793,276.21,2.75222,9.03541,0.75812
376,274.672,278.766,2.76486,9.04804,0.867247
377,273.805,281.85,2.77931,9.0625,0.708979
378,272.669,284.209,2.79113,9.07431,0.835319
379,271.786,287.156,2.80505,9.08824,0.892243
380,270.663,290.24,2.81992,9.10311,0.70422
381,269.842,292.696,2.83166,9.11484,0.917402
382,268.71,295.878,2.84695,9.13013,0.763596
383,268.353,298.7,2.85968,9.14286,0.740879
384,267.195,301.203,2.87202,9.15521,0.838505
385,266.649,304.249,2.886,9.16918,0.831008
386,265.777,307.18,2.89985,9.18303,0.871273
387,265.132,310.319,2.91437,9.19755,0.8124
388,264.279,313.189,2.92791,9.21109,0.829085
389,263.792,316.203,2.94173,9.22491,0.822419
390,263.187,319.166,2.95543,9.23862,0.856527
391,262.646,322.268,2.96971,9.2529,0.972262
392,262.259,325.826,2.98591,9.2691,0.80292
393,261.724,328.729,2.9993,9.28248,0.851992
394,261.09,331.804,3.0135,9.29668,0.92573
395,260.721,335.189,3.02893,9.31211,0.829723
396,260.655,338.249,3.04275,9.32594,0.984843
397,260.286,341.849,3.05917,9.34235,0.806012
398,259.815,344.785,3.0726,9.35579,0.951709
399,259.779,348.289,3.08846,9.37165,0.970934
400,259.782,351.86,3.10465,9.38783,0.904771
401,259.79,355.184,3.11972,9.40291,0.980984
402,259.815,358.785,3.13607,9.41926,0.938572
403,259.778,362.23,-3.13147,9.4349,0.988622
404,259.798,365.859,-3.11499,9.45138,0.904697
405,259.79,369.184,-3.09991,9.46646,0.979173
406,259.815,372.785,-3.08359,9.48278,0.958895
407,260.331,376.281,-3.06761,9.49876,1.08501
408,260.331,380.281,-3.04953,9.51684,0.976007
409,260.714,383.849,-3.03326,9.53311,1.09373
410,261.297,387.828,-3.01503,9.55134,0.915891
411,261.797,391.156,-2.99977,9.5666,1.11845
412,262.39,395.222,-2.98113,9.58524,1.10402
413,263.23,399.192,-2.96273,9.60364,1.0884
414,263.796,403.153,-2.94459,9.62178,1.11919
415,264.74,407.156,-2.92593,9.64044,1.13009
416,265.733,411.186,-2.9071,9.65927,1.10874
417,266.734,415.132,-2.88862,9.67775,1.12321
418,267.747,419.13,-2.8699,9.69647,1.11477
419,268.72,423.111,-2.85132,9.71505,1.18543
420,270.351,427.163,-2.83156,9.73481,1.15232
421,271.775,431.145,-2.81236,9.75401,1.33998
422,273.162,435.87,-2.79002,9.77635,1.15592
423,274.713,439.82,-2.77076,9.79561,1.18053
424,276.36,443.828,-2.75108,9.81529,1.30952
425,278.247,448.249,-2.72926,9.83711,1.21801
426,280.247,452.249,-2.70896,9.85741,1.35249
427,282.314,456.758,-2.68642,9.87995,1.21915
428,284.314,460.758,-2.6661,9.90027,1.21856
429,286.314,464.758,-2.64579,9.92058,1.35942
430,288.76,469.107,-2.62313,9.94324,1.28445
431,291.206,473.135,-2.60172,9.96465,1.46153
432,293.804,477.835,-2.57736,9.98901,1.35218
433,296.7,481.872,-2.55483,10.0115,1.48157
434,299.825,486.319,-2.53014,10.0362,1.29586
435,302.338,490.37,-2.50854,10.0578,1.4263
436,305.807,494.309,-2.48477,10.0816,1.33965
437,308.671,498.308,-2.46244,10.1039,1.44727
438,312.215,502.265,-2.43832,10.1281,1.45807
439,315.791,506.238,-2.41402,10.1524,1.43218
440,319.2,510.236,-2.39015,10.1762,1.5564
441,323.234,514.274,-2.36421,10.2022,1.54283
442,327.251,518.255,-2.33849,10.2279,1.44523
443,331.159,521.832,-2.31441,10.252,1.54034
444,335.159,525.832,-2.28873,10.2776,1.55448
445,339.836,529.126,-2.26282,10.3035,1.55366
446,344.301,532.649,-2.23693,10.3294,1.5415
447,348.626,536.285,-2.21124,10.3551,1.58097
448,353.209,539.838,-2.18489,10.3815,1.66273
449,358.341,543.132,-2.15718,10.4092,1.57331
450,363.204,546.227,-2.13096,10.4354,1.57741
451,368.213,549.109,-2.10467,10.4617,1.74042
452,373.738,552.284,-2.07566,10.4907,1.54219
453,378.613,555.146,-2.04996,10.5164,1.7073
454,384.297,557.765,-2.0215,10.5449,1.64798
455,389.775,560.295,-1.99403,10.5723,1.76213
456,395.778,562.658,-1.96466,10.6017,1.62315
457,401.186,565.134,-1.93761,10.6288,1.73574
458,407.185,567.237,-1.90868,10.6577,1.72573
459,413.185,569.214,-1.87992,10.6864,1.72878
460,419.213,571.146,-1.85111,10.7153,1.85938
461,425.846,572.684,-1.82012,10.7463,1.67743
462,431.769,574.311,-1.79216,10.7742,1.8279
463,438.286,575.849,-1.7617,10.8047,1.74257
464,444.624,576.65,-1.73265,10.8337,1.81609
465,451.171,577.815,-1.70239,10.864,1.8143
466,457.805,578.24,-1.67215,10.8942,1.79579
467,464.356,578.665,-1.64222,10.9242,1.74805
468,470.727,579.152,-1.61308,10.9533,1.78269
469,477.244,579.179,-1.58337,10.983,1.94149
470,484.335,579.115,-1.55101,11.0154,1.75252
471,490.744,579.132,-1.5218,11.0446,1.94841
472,497.853,578.67,-1.48933,11.077,1.76277
473,504.283,578.176,-1.45995,11.1064,1.91551
474,511.212,577.127,-1.42803,11.1383,1.8228
475,517.816,576.216,-1.39765,11.1687,1.78146
476,524.13,574.57,-1.36796,11.1984,1.97092
477,531.187,573.144,-1.33511,11.2313,1.8322
478,537.752,571.779,-1.30457,11.2618,1.86325
479,544.269,569.782,-1.27352,11.2929,1.95099
480,551.127,567.794,-1.241,11.3254,1.97569
481,557.858,565.149,-1.20807,11.3583,1.74078
482,563.756,562.756,-1.17906,11.3873,1.94569
483,570.26,559.876,-1.14663,11.4197,1.95112
484,576.665,556.742,-1.11411,11.4523,1.82739
485,582.692,553.859,-1.08365,11.4827,1.88986
486,588.651,550.364,-1.05216,11.5142,1.92755
487,594.642,546.666,-1.02003,11.5463,1.90352
488,600.667,543.18,-0.988306,11.5781,1.91696
489,606.388,539.134,-0.956357,11.61,1.96374
490,612.366,535.146,-0.923628,11.6427,1.91875
491,617.8,530.702,-0.891648,11.6747,1.81445
492,622.68,526.203,-0.861408,11.705,1.94462
493,628.302,521.832,-0.828997,11.7374,1.93294
494,633.167,516.694,-0.796782,11.7696,1.9345
495,638.302,511.832,-0.76454,11.8018,1.83894
496,642.65,506.702,-0.733891,11.8325,1.82251
497,647.196,501.835,-0.703516,11.8629,1.97079
498,651.805,496.3,-0.670669,11.8957,1.92145
499,655.878,490.579,-0.638645,11.9277,1.83773
500,659.857,485.175,-0.608016,11.9584,1.84335
501,663.779,479.696,-0.577294,11.9891,1.86163
502,667.219,473.825,-0.546267,12.0201,1.89034
503,670.687,467.858,-0.514761,12.0516,1.89848
504,674.245,461.897,-0.48312,12.0833,1.83811
505,677.181,455.854,-0.452484,12.1139,1.8381
506,680.352,449.916,-0.421849,12.1445,1.75245
507,682.622,443.915,-0.392642,12.1737,1.96688
508,685.236,437.219,-0.359861,12.2065,1.78933
509,687.779,431.178,-0.330038,12.2363,1.85947
510,689.795,424.678,-0.299047,12.2673,1.68563
511,691.147,418.653,-0.270953,12.2954,1.81476
512,693.189,412.331,-0.240707,12.3257,1.83056
513,694.721,405.811,-0.210198,12.3562,1.83659
514,695.851,399.187,-0.179588,12.3868,1.76334
515,696.686,392.793,-0.150199,12.4162,1.70013
516,697.766,386.67,-0.121864,12.4445,1.74493
517,698.664,380.346,-0.0927815,12.4736,1.77919
518,699.199,373.856,-0.0631283,12.5032,1.64273
519,699.218,367.84,-0.0357496,12.5306,1.80178
520,699.175,361.254,-0.0057199,12.5607,1.64232
521,699.175,355.254,0.021652,12.588,1.77914
522,699.142,348.747,0.0513044,12.6177,1.62642
523,698.7,342.816,0.0784114,12.6448,1.64108
524,698.367,336.818,0.105763,12.6721,1.66693
525,697.831,330.736,0.133545,12.6999,1.65602
526,696.656,324.782,0.161145,12.7275,1.67454
527,695.904,318.689,0.189054,12.7554,1.65057
528,694.629,312.779,0.216564,12.7829,1.58014
529,693.188,307.174,0.2429,12.8093,1.51495
530,691.802,301.804,0.268149,12.8345,1.54664
531,690.29,296.346,0.293926,12.8603,1.63578
532,688.302,290.696,0.321189,12.8876,1.58493
533,686.623,285.137,0.347605,12.914,1.4001
534,684.624,280.412,0.37094,12.9373,1.63005
535,682.687,274.757,0.398107,12.9645,1.49122
536,680.304,269.837,0.422961,12.9893,1.51481
537,678.282,264.657,0.448208,13.0146,1.51183
538,675.756,259.723,0.473405,13.0398,1.42605
539,673.196,255.165,0.497172,13.0635,1.4026
540,670.617,250.721,0.520549,13.0869,1.35462
541,668.329,246.308,0.543126,13.1095,1.49947
542,665.126,241.831,0.568117,13.1345,1.49399
543,662.286,237.151,0.593017,13.1594,1.26015
544,659.788,233.264,0.614019,13.1804,1.40159
545,656.669,229.18,0.637379,13.2037,1.33962
546,653.751,225.233,0.659706,13.2261,1.38614
547,650.678,221.185,0.682809,13.2492,1.20297
548,647.788,217.853,0.702858,13.2692,1.44843
549,644.339,213.817,0.726999,13.2934,1.30055
550,641.114,210.305,0.748674,13.315,1.24741
551,638.299,206.667,0.769465,13.3358,1.24021
552,634.694,203.834,0.790135,13.3565,1.2452
553,631.775,200.284,0.810888,13.3773,1.28364
554,628.26,197.143,0.832282,13.3987,1.2531
555,624.655,194.279,0.853167,13.4195,1.01483
556,621.812,191.879,0.870081,13.4365,1.29009
557,618.269,188.74,0.891582,13.458,1.18769
558,614.599,186.363,0.911377,13.4777,1.28179
559,611.146,183.141,0.93274,13.4991,1.01833
560,608.269,180.74,0.949713,13.5161,1.11239
561,604.664,178.771,0.968252,13.5346,1.16364
562,601.163,176.33,0.987646,13.554,1.08287
563,597.777,174.255,1.00569,13.5721,1.16677
564,594.26,171.807,1.02514,13.5915,0.988112
565,591.219,169.825,1.04161,13.608,1.07978
566,587.792,167.832,1.05961,13.626,1.03733
567,584.305,166.272,1.07689,13.6433,1.13031
568,580.667,164.283,1.09573,13.6621,0.895076
569,577.777,162.722,1.11065,13.677,1.09408
570,574.269,160.75,1.12889,13.6953,1.06785
571,570.692,159.139,1.14668,13.7131,0.872751
572,567.768,157.825,1.16123,13.7276,0.975316
573,564.309,156.812,1.17748,13.7439,0.958969
574,561.195,155.127,1.19347,13.7598,0.992539
575,557.792,153.821,1.21001,13.7764,0.996604
576,554.306,152.699,1.22662,13.793,0.883215
577,551.168,151.857,1.24134,13.8077,0.880471
578,548.295,150.253,1.25601,13.8224,1.01926
579,544.703,149.187,1.273,13.8394,0.822076
580,541.819,148.286,1.2867,13.8531,0.95402
581,538.306,147.834,1.3026,13.869,0.902989
582,535.207,146.593,1.31765,13.884,0.818313
583,532.3,145.823,1.33129,13.8977,0.866137
584,529.188,145.155,1.34573,13.9121,0.956377
585,525.792,144.235,1.36167,13.928,0.83661
586,522.731,143.865,1.37561,13.942,0.815706
587,519.806,143.21,1.38921,13.9556,0.851944
588,516.705,142.774,1.4034,13.9698,0.783687
589,513.865,142.315,1.41647,13.9828,0.86237
590,510.731,141.865,1.43084,13.9972,0.816174
591,507.8,141.159,1.44444,14.0108,0.853405
592,504.684,140.787,1.45866,14.025,0.769759
593,501.845,140.739,1.47149,14.0379,0.863436
594,498.705,140.246,1.48588,14.0523,0.789723
595,495.792,140.284,1.49905,14.0654,0.852551
596,492.681,139.852,1.51326,14.0796,0.778604
597,489.817,139.859,1.52623,14.0926,0.853403
598,486.681,139.852,1.54046,14.1068,0.773047
599,483.843,139.841,1.55334,14.1197,0.857999
600,480.695,139.834,1.56764,14.134,0.777055
601,477.843,139.841,1.58059,14.147,0.857798
602,474.695,139.834,1.59489,14.1613,0.63053
603,472.38,139.86,1.6054,14.1718,0.877205
604,469.153,139.801,1.62002,14.1864,0.777822
605,466.291,139.824,1.63298,14.1994,0.855939
606,463.167,140.247,1.64725,14.2136,0.801515
607,460.209,140.229,1.6606,14.227,0.842603
608,457.14,140.673,1.67465,14.241,0.786732
609,454.237,140.739,1.68776,14.2541,0.842014
610,451.176,141.223,1.70179,14.2682,0.686017
611,448.714,141.829,1.71323,14.2796,0.813884
612,445.753,142.243,1.72679,14.2932,0.84017
613,442.716,142.799,1.7408,14.3072,0.809102
614,439.755,143.131,1.75428,14.3207,0.86729
615,436.649,143.854,1.76873,14.3351,0.788293
616,433.769,144.237,1.78187,14.3482,0.846705
617,430.698,144.777,1.79598,14.3624,0.846134
618,427.768,145.906,1.81009,14.3765,0.836141
619,424.693,146.279,1.82402,14.3904,0.836094
620,421.735,147.123,1.83796,14.4043,0.881706
621,418.693,148.279,1.85265,14.419,0.983743
622,415.193,149.191,1.86905,14.4354,0.798142
623,412.326,149.86,1.88235,14.4487,0.867989
624,409.226,150.662,1.89682,14.4632,0.90416
625,406.25,152.234,1.91189,14.4783,0.869234
626,403.199,153.191,1.92637,14.4927,0.973678
627,399.781,154.278,1.9426,14.509,0.919949
628,396.762,155.843,1.95793,14.5243,0.817386
629,393.877,156.732,1.97156,14.5379,1.07819
630,390.248,158.334,1.98953,14.5559,0.90647
631,387.266,159.831,2.00464,14.571,0.886648
632,384.311,161.207,2.01941,14.5858,1.05757
633,380.737,162.755,2.03704,14.6034,0.890064
634,377.849,164.301,2.05187,14.6182,1.11042
635,374.235,166.206,2.07038,14.6368,0.943175
636,371.188,167.869,2.0861,14.6525,0.949411
637,368.327,169.896,2.10192,14.6683,1.1361
638,364.651,171.888,2.12086,14.6872,0.934703
639,361.838,173.87,2.13644,14.7028,1.09441
640,358.333,175.859,2.15468,14.721,1.06089
641,355.247,178.259,2.17236,14.7387,1.07496
642,351.789,180.212,2.19027,14.7566,1.06549
643,348.767,182.72,2.20803,14.7744,1.17232
644,345.222,185.18,2.22757,14.7939,1.06707
645,342.328,187.846,2.24536,14.8117,1.17934
646,338.694,190.252,2.26501,14.8314,1.11777
647,335.79,193.184,2.28364,14.85,1.1845
648,332.337,195.854,2.30338,14.8698,1.1712
649,329.115,198.719,2.3229,14.8893,1.14248
650,326.327,201.883,2.34194,14.9083,1.23407
651,322.72,204.695,2.36251,14.9289,1.26764
652,319.812,208.372,2.38364,14.95,1.25983
653,316.727,211.826,2.40464,14.971,1.1121
654,313.817,214.71,2.42317,14.9895,1.29994
655,310.654,218.299,2.44484,15.0112,1.36258
656,307.778,222.419,2.46755,15.0339,1.2393
657,304.78,225.857,2.4882,15.0546,1.3479
658,301.809,229.825,2.51067,15.077,1.30138
659,299.214,233.851,2.53236,15.0987,1.34881
660,296.329,237.883,2.55484,15.1212,1.27351
661,293.891,241.88,2.57606,15.1424,1.46726
662,290.687,246.243,2.60052,15.1669,1.35942
663,288.369,250.681,2.62317,15.1895,1.40198
664,285.836,255.171,2.64654,15.2129,1.44375
665,283.246,259.81,2.6706,15.237,1.34771
666,281.124,264.292,2.69306,15.2594,1.47725
667,278.68,269.15,2.71768,15.2841,1.50191
668,276.668,274.302,2.74272,15.3091,1.43546
669,274.645,279.178,2.76664,15.333,1.4859
670,272.645,284.266,2.79141,15.3578,1.62493
671,270.644,289.899,2.81849,15.3849,1.36641
672,269.245,294.729,2.84126,15.4076,1.54897
673,267.809,300.242,2.86708,15.4334,1.58198
674,266.31,305.857,2.89344,15.4598,1.52154
675,264.727,311.23,2.9188,15.4852,1.50882
676,263.76,316.696,2.94395,15.5103,1.66344
677,262.714,322.719,2.97167,15.538,1.62553
678,261.81,328.623,2.99877,15.5651,1.54581
679,260.766,334.218,3.02453,15.5909,1.65641
680,260.188,340.284,3.05214,15.6185,1.62777
681,259.813,346.259,3.07927,15.6456,1.63099
682,259.813,352.259,3.10645,15.6728,1.71858
683,259.833,358.569,3.13509,15.7015,1.64026
684,259.762,364.59,-3.12076,15.7288,1.62401
685,259.762,370.558,-3.09369,15.7559,1.80655
686,260.331,377.172,-3.06358,15.786,1.62195
687,260.71,383.12,-3.03655,15.813,1.86772
688,261.81,389.897,-3.00542,15.8441,1.74943
689,262.639,396.268,-2.97626,15.8733,1.67252
690,263.777,402.303,-2.94839,15.9012,1.75664
691,265.209,408.592,-2.91911,15.9304,1.70965
692,266.737,414.677,-2.89061,15.9589,1.81262
693,268.39,421.122,-2.8604,15.9892,1.72296
694,270.39,427.122,-2.83169,16.0179,1.91335
695,272.361,433.869,-2.7998,16.0498,1.74194
696,274.703,439.822,-2.77077,16.0788,1.87406
697,277.144,446.259,-2.73953,16.11,1.77635
698,279.8,452.22,-2.70993,16.1396,1.79096
699,282.691,458.129,-2.68008,16.1695,1.94917
700,286.334,464.297,-2.64759,16.202,1.81193
701,289.143,470.345,-2.61739,16.2322,1.79657
702,292.736,475.883,-2.58745,16.2621,1.89165
703,296.311,481.842,-2.55592,16.2936,1.81273
704,300.3,487.176,-2.52571,16.3238,1.86411
705,304.336,492.698,-2.49464,16.3549,1.92825
706,308.64,498.314,-2.4625,16.3871,1.80936
707,313.209,503.143,-2.43235,16.4172,1.985
708,317.916,508.691,-2.39926,16.4503,1.8333
709,322.256,513.844,-2.36871,16.4808,1.79899
710,327.145,518.291,-2.33873,16.5108,1.93315
711,332.313,523.144,-2.30651,16.543,1.96953
712,337.812,527.826,-2.27368,16.5759,1.9028
713,343.157,532.311,-2.24197,16.6076,1.8566
714,348.711,536.251,-2.21102,16.6385,1.89195
715,354.363,540.259,-2.17949,16.6701,1.97577
716,360.378,544.279,-2.14656,16.703,1.7827
717,365.86,547.826,-2.11685,16.7327,1.86733
718,371.867,551.098,-2.08573,16.7638,2.02522
719,378.313,554.762,-2.05198,16.7976,1.8464
720,384.307,557.895,-2.0212,16.8284,1.91026
721,390.66,560.829,-1.98936,16.8602,1.89058
722,397.178,563.184,-1.95785,16.8917,1.9502
723,403.796,565.847,-1.92535,16.9242,1.88909
724,410.294,568.202,-1.89387,16.9557,1.82294
725,416.641,570.256,-1.86348,16.9861,1.89301
726,423.235,572.411,-1.83193,17.0176,1.99149
727,430.388,573.866,-1.79874,17.0508,1.77692
728,436.764,575.133,-1.76913,17.0804,1.97105
729,443.814,576.672,-1.73628,17.1133,1.80742
730,450.338,577.801,-1.70615,17.1434,1.88174
731,457.221,578.255,-1.67479,17.1748,1.81322
732,463.839,578.668,-1.64457,17.205,1.87419
733,470.672,579.154,-1.61333,17.2362,1.78426
734,477.195,579.127,-1.5836,17.266,1.92857
735,484.239,579.134,-1.55145,17.2981,1.75778
736,490.667,579.141,-1.52216,17.3274,1.9626
737,497.837,578.781,-1.48945,17.3601,1.78
738,504.323,578.194,-1.45978,17.3898,1.75683
739,510.662,577.117,-1.4305,17.4191,1.81484
740,517.23,576.182,-1.40025,17.4493,1.83488
741,523.854,575.097,-1.36967,17.4799,1.80557
742,530.339,573.817,-1.33958,17.51,1.71481
743,536.414,572.239,-1.311,17.5386,1.80147
744,542.704,570.261,-1.28097,17.5686,1.72823
745,548.69,568.237,-1.25217,17.5974,1.73715
746,554.713,566.226,-1.22322,17.6263,1.76005
747,560.7,563.872,-1.19388,17.6557,1.64456
748,566.378,561.866,-1.16647,17.6831,1.79643
749,572.354,559.129,-1.13653,17.713,1.68516
750,577.838,556.312,-1.10845,17.7411,1.69724
751,583.157,553.103,-1.08016,17.7694,1.6541
752,588.698,550.638,-1.05259,17.797,1.67782
753,593.752,547.14,-1.02463,17.8249,1.69452
754,599.299,544.329,-0.996386,17.8532,1.56569
755,603.801,540.764,-0.970291,17.8793,1.66346
756,608.689,537.158,-0.942567,17.907,1.65556
757,613.722,533.793,-0.914974,17.9346,1.61188
758,618.393,530.201,-0.888109,17.9614,1.51556
759,622.712,526.727,-0.86285,17.9867,1.5629
760,626.722,522.638,-0.836802,18.0128,1.64838
761,631.227,518.644,-0.809329,18.0402,1.54876
762,635.227,514.644,-0.783516,18.066,1.55105
763,639.182,510.589,-0.757665,18.0919,1.43222
764,642.624,506.65,-0.733795,18.1158,1.49473
765,646.348,502.658,-0.708883,18.1407,1.45766
766,649.846,498.641,-0.684589,18.165,1.49349
767,653.115,494.272,-0.659697,18.1899,1.40577
768,656.357,490.285,-0.636268,18.2133,1.53683
769,659.749,485.805,-0.610654,18.2389,1.26497
770,662.142,481.841,-0.589571,18.26,1.52702
771,665.137,477.137,-0.564121,18.2854,1.4363
772,667.773,472.603,-0.540182,18.3094,1.31642
773,670.711,468.749,-0.518242,18.3313,1.33371
774,672.691,464.272,-0.496013,18.3535,1.37394
775,675.168,459.904,-0.473114,18.3764,1.22971
776,677.215,455.904,-0.452619,18.3969,1.40655
777,679.107,451.116,-0.429177,18.4204,1.29632
778,681.031,446.795,-0.407571,18.442,1.35343
779,683.112,442.309,-0.385014,18.4645,1.18649
780,684.667,438.264,-0.365239,18.4843,1.31548
781,686.597,433.852,-0.343315,18.5062,1.18175
782,688.329,429.876,-0.323619,18.5259,1.3049
783,689.162,425.13,-0.301871,18.5477,1.27307
784,690.736,420.747,-0.280653,18.5689,1.18185
785,691.907,416.589,-0.260955,18.5886,1.13796
786,693.287,412.645,-0.241989,18.6076,1.18809
787,693.884,408.32,-0.222188,18.6274,1.11063
788,694.71,404.346,-0.203677,18.6459,1.10533
789,695.766,400.435,-0.185255,18.6643,1.14961
790,696.311,396.262,-0.166095,18.6835,1.08915
791,697.31,392.386,-0.147943,18.7016,1.09629
792,697.799,388.402,-0.129671,18.7199,1.14955
793,698.442,384.239,-0.110512,18.739,1.07107
794,698.705,380.324,-0.0926607,18.7569,1.08969
795,698.705,376.324,-0.0744992,18.7751,0.960444
796,699.173,372.834,-0.0584918,18.7911,1.09355
797,699.148,368.829,-0.0402659,18.8093,1.00126
798,699.183,365.169,-0.0235783,18.826,1.09471
799,699.183,361.169,-0.00533307,18.8442,0.900156
800,699.185,357.881,0.00966953,18.8592,0.964884
801,699.154,354.355,0.0257509,18.8753,1.09376
802,699.154,350.355,0.0439803,18.8935,0.989548
803,699.174,346.73,0.0604727,18.91,0.984738
804,698.714,343.151,0.076885,18.9264,0.904013
805,698.694,339.834,0.0919519,18.9415,0.843568
806,698.357,336.765,0.106011,18.9556,0.993539
807,697.805,333.169,0.12257,18.9721,0.921554
808,697.154,329.857,0.13793,18.9875,0.833742
809,697.16,326.774,0.151825,19.0014,0.992123
810,696.696,323.168,0.168361,19.0179,0.814249
811,695.782,320.303,0.181932,19.0315,0.99644
812,695.151,316.714,0.198539,19.0481,0.789453
813,694.609,313.877,0.211696,19.0613,0.855923
814,694.339,310.726,0.225962,19.0755,0.838878
815,693.211,307.837,0.239943,19.0895,0.845382
816,692.686,304.778,0.254033,19.1036,0.825806
817,691.812,301.881,0.267796,19.1174,0.90006
818,690.686,298.778,0.282797,19.1324,0.803618
819,690.213,295.85,0.296191,19.1457,0.904249
820,689.174,292.705,0.311262,19.1608,0.814737
821,688.217,289.879,0.324841,19.1744,0.7799
822,687.171,287.219,0.337839,19.1874,0.824573
823,686.38,284.295,0.351582,19.2011,0.727622
824,685.17,281.903,0.363709,19.2133,0.890754
825,684.311,278.738,0.378555,19.2281,0.74475
826,683.227,276.233,0.390967,19.2405,0.923573
827,681.78,273.172,0.40636,19.2559,0.701325
828,680.709,270.838,0.418049,19.2676,0.843802
829,679.831,267.842,0.432112,19.2817,0.810489
830,678.381,265.241,0.44562,19.2952,0.751836
831,677.198,262.752,0.458151,19.3077,0.887164
832,675.781,259.825,0.472937,19.3225,0.811703
833,674.301,257.242,0.486465,19.336,0.80064
834,672.708,254.771,0.499809,19.3494,0.69728
835,671.8,252.355,0.511431,19.361,0.78457
836,670.29,249.905,0.524507,19.3741,0.860575
837,668.657,247.208,0.53885,19.3884,0.804856
838,667.112,244.697,0.552264,19.4018,0.741156
839,665.769,242.334,0.564617,19.4142,0.853156
840,663.775,239.902,0.578836,19.4284,0.833757
841,662.362,237.175,0.592732,19.4423,0.806073
842,660.681,234.747,0.606167,19.4557,0.819399
843,658.702,232.471,0.619823,19.4694,0.825227
844,657.206,229.823,0.633577,19.4831,0.896109
845,655.248,227.187,0.648512,19.4981,0.884669
846,653.168,224.698,0.663257,19.5128,0.851003
847,651.108,222.355,0.67744,19.527,0.873205
848,649.093,219.874,0.691993,19.5415,0.903003
849,647.192,217.151,0.707043,19.5566,0.873027
850,645.144,214.691,0.721594,19.5711,0.775091
851,643.146,212.667,0.734512,19.5841,0.840209
852,641.092,210.373,0.748516,19.5981,0.939772
853,638.722,207.875,0.764178,19.6137,0.93384
854,636.721,205.041,0.779742,19.6293,0.826979
855,634.338,203.133,0.793525,19.6431,0.942203
856,631.836,200.749,0.809229,19.6588,0.988164
857,629.154,198.312,0.825698,19.6753,0.869324
858,626.671,196.308,0.840187,19.6897,0.931588
859,624.286,193.849,0.855713,19.7053,0.98117
860,621.846,191.16,0.872066,19.7216,1.00308
861,618.719,189.162,0.888784,19.7383,1.02488
862,615.825,186.762,0.905866,19.7554,0.876896
863,613.246,184.838,0.920481,19.77,0.97607
864,610.33,182.76,0.936748,19.7863,1.08006
865,607.218,180.303,0.954749,19.8043,0.957347
866,604.314,178.326,0.970705,19.8203,1.13145
867,600.711,176.251,0.989563,19.8391,1.01288
868,597.833,173.858,1.00644,19.856,1.09406
869,594.317,171.909,1.02468,19.8742,1.00981
870,591.236,169.84,1.04151,19.8911,1.08133
871,587.795,167.859,1.05953,19.9091,1.09157
872,584.295,165.906,1.07772,19.9273,1.16724
873,580.286,164.331,1.09718,19.9467,1.13715
874,576.626,162.33,1.11613,19.9657,1.21416
875,572.667,160.283,1.13637,19.9859,1.05005
876,569.164,158.68,1.15387,20.0034,1.20948
877,565.169,156.73,1.17402,20.0236,1.17346
878,561.149,155.175,1.19358,20.0431,1.12028
879,557.266,153.813,1.21225,20.0618,1.32895
880,552.62,152.326,1.2344,20.084,1.16124
881,548.667,150.717,1.25376,20.1033,1.25664
882,544.307,149.2,1.2747,20.1243,1.28392
883,539.799,147.811,1.2961,20.1457,1.29633
884,535.172,146.681,1.31771,20.1673,1.25031
885,530.641,145.891,1.33854,20.1881,1.26269
886,526.235,144.357,1.35959,20.2091,1.38853
887,521.265,143.173,1.38273,20.2323,1.35079
888,516.299,142.749,1.40524,20.2548,1.24152
889,511.822,141.865,1.42594,20.2755,1.41009
890,506.692,141.139,1.44944,20.299,1.32971
891,501.823,140.73,1.4716,20.3212,1.49377
892,496.36,140.218,1.4965,20.3461,1.39592
893,491.246,139.843,1.51976,20.3693,1.37001
894,486.21,139.858,1.54259,20.3922,1.50594
895,480.683,139.836,1.56769,20.4172,1.49845
896,475.184,139.86,1.59267,20.4422,1.31404
897,470.359,139.88,1.61457,20.4641,1.53326
898,464.743,140.282,1.64012,20.4897,1.50748
899,459.186,140.285,1.66525,20.5148,1.48808
900,453.777,141.149,1.69005,20.5396,1.48795
901,448.364,141.905,1.71485,20.5644,1.65985
902,442.331,142.791,1.74251,20.5921,1.57145
903,436.659,143.867,1.7687,20.6183,1.50818
904,431.18,144.76,1.79384,20.6434,1.52957
905,425.75,146.236,1.81933,20.6689,1.68104
906,419.792,147.871,1.84735,20.6969,1.50817
907,414.375,149.116,1.87249,20.722,1.64905
908,408.629,151.071,1.89997,20.7495,1.72792
909,402.609,153.12,1.92877,20.7783,1.55716
910,397.248,155.155,1.95472,20.8043,1.65659
911,391.758,157.822,1.98233,20.8319,1.60759
912,386.344,160.197,2.00912,20.8587,1.8044
913,380.362,163.07,2.0392,20.8888,1.71085
914,374.694,165.817,2.06771,20.9173,1.67891
915,369.22,168.697,2.09569,20.9452,1.61184
916,364.384,172.169,2.12256,20.9721,1.8479
917,358.673,175.845,2.15336,21.0029,1.72673
918,353.253,179.169,2.18213,21.0317,1.63567
919,348.372,182.691,2.2094,21.059,1.77372
920,343.226,186.707,2.23896,21.0885,1.80938
921,338.289,191.179,2.26911,21.1187,1.75657
922,333.19,195.155,2.29839,21.1479,1.81011
923,328.365,199.743,2.32856,21.1781,1.75991
924,323.754,204.284,2.35789,21.2074,1.89239
925,318.702,209.082,2.38943,21.239,1.85124
926,314.27,214.259,2.42028,21.2698,1.72283
927,310.317,219.213,2.449,21.2986,1.84444
928,305.854,224.326,2.47974,21.3293,1.85461
929,301.856,229.855,2.51065,21.3602,1.82577
930,297.768,235.191,2.54108,21.3906,1.7511
931,294.4,240.688,2.57026,21.4198,1.92556
932,290.643,246.69,2.60236,21.4519,1.88071
933,287.216,252.698,2.6337,21.4833,1.85777
934,283.899,258.672,2.66466,21.5142,1.84672
935,280.714,264.678,2.69544,21.545,1.86005
936,278.334,271.112,2.72644,21.576,2.00066
937,275.242,277.788,2.75979,21.6093,1.93628
938,272.667,284.427,2.79206,21.6416,1.80231
939,270.665,290.746,2.8221,21.6717,1.83389
940,268.678,297.185,2.85266,21.7022,1.88231
941,266.741,303.826,2.88403,21.7336,1.96162
942,264.681,310.75,2.91673,21.7663,1.74916
943,263.838,317.146,2.94588,21.7954,1.97708
944,262.431,324.272,2.97883,21.8284,1.90346
945,261.21,331.165,3.01056,21.8601,1.93811
946,260.783,338.285,3.04286,21.8924,1.90584
947,259.771,345.229,3.07462,21.9242,1.93816
948,259.77,352.362,3.10693,21.9565,1.73016
949,259.807,358.716,3.13576,21.9853,1.94733
950,259.828,365.863,-3.11497,22.0178,1.858
951,259.782,372.697,-3.084,22.0487,1.96618
952,260.316,379.905,-3.05123,22.0815,1.86048
953,261.227,386.683,-3.02022,22.1125,1.97348
954,262.327,393.847,-2.98733,22.1454,1.78057
955,263.206,400.332,-2.95766,22.1751,1.91009
956,264.816,407.165,-2.92582,22.2069,1.86848
957,266.307,413.862,-2.89468,22.2381,1.84822
958,268.379,420.329,-2.86388,22.2689,1.82123
959,270.297,426.727,-2.83352,22.2992,1.85898
960,272.303,433.249,-2.80254,22.3302,1.89446
961,274.698,439.777,-2.77097,22.3618,1.9017
962,277.2,446.298,-2.73927,22.3935,1.76686
963,279.779,452.255,-2.70982,22.4229,1.82579
964,282.692,458.297,-2.67939,22.4533,1.91138
965,286.282,464.339,-2.64754,22.4852,1.82874
966,289.205,470.394,-2.61706,22.5157,1.75911
967,292.694,475.834,-2.58774,22.545,1.75746
968,296.327,481.164,-2.55845,22.5743,1.79172
969,299.865,486.707,-2.52859,22.6042,1.76852
970,303.789,491.878,-2.49911,22.6336,1.81136
971,307.821,497.16,-2.46892,22.6638,1.75112
972,311.781,502.224,-2.43974,22.693,1.76374
973,316.338,506.834,-2.41034,22.7224,1.80736
974,320.641,511.88,-2.38022,22.7525,1.73368
975,325.223,516.293,-2.35132,22.7814,1.74883
976,329.831,520.75,-2.32218,22.8106,1.61786
977,334.203,524.759,-2.29521,22.8375,1.75205
978,339.208,528.786,-2.26601,22.8667,1.64847
979,343.754,532.773,-2.23854,22.8942,1.64412
980,348.687,536.242,-2.21113,22.9216,1.69618
981,353.74,539.857,-2.18286,22.9499,1.61219
982,358.635,543.158,-2.15599,22.9767,1.71267
983,363.8,546.727,-2.12745,23.0053,1.59052
984,368.721,549.859,-2.10094,23.0318,1.72058
985,374.312,552.787,-2.07227,23.0605,1.48981
986,379.191,555.234,-2.04744,23.0853,1.55397
987,384.259,557.826,-2.02154,23.1112,1.66452
988,389.813,560.34,-1.99379,23.1389,1.48245
989,394.64,562.863,-1.96909,23.1637,1.62328
990,400.301,564.732,-1.94203,23.1907,1.4568
991,405.258,566.708,-1.91775,23.215,1.54011
992,410.712,568.186,-1.89208,23.2407,1.50098
993,415.805,570.3,-1.86707,23.2657,1.54019
994,421.228,571.862,-1.8414,23.2913,1.42046
995,426.273,573.142,-1.81772,23.315,1.57456
996,431.907,574.377,-1.79148,23.3413,1.32409
997,436.694,575.166,-1.76941,23.3633,1.46118
998,441.907,576.377,-1.74506,23.3877,1.47863
999,447.262,577.175,-1.72041,23.4123,1.39153
1000,452.31,577.856,-1.69722,23.4355,1.34151
1001,457.201,578.285,-1.67486,23.4579,1.39022
1002,462.267,578.73,-1.65169,23.481,1.35083
1003,467.188,579.189,-1.62918,23.5036,1.39203
1004,472.286,579.151,-1.60598,23.5268,1.20591
1005,476.694,579.166,-1.58588,23.5469,1.38016
1006,481.736,579.173,-1.56288,23.5699,1.24556
1007,486.286,579.151,-1.54212,23.5906,1.34385
1008,491.203,579.156,-1.51972,23.613,1.29447
1009,495.918,578.716,-1.49815,23.6346,1.16947
1010,500.215,578.774,-1.47866,23.6541,1.2492
1011,504.772,578.364,-1.45784,23.6749,1.23854
1012,509.184,577.14,-1.43719,23.6955,1.286
1013,513.869,576.707,-1.41576,23.717,1.07173
1014,517.78,576.328,-1.3979,23.7348,1.27809
1015,522.323,575.186,-1.3766,23.7561,1.12391
1016,526.32,574.238,-1.35786,23.7749,1.08332
1017,530.3,573.872,-1.33981,23.7929,1.12329
1018,534.266,572.78,-1.32109,23.8117,1.18294
1019,538.309,571.157,-1.30137,23.8314,1.11242
1020,542.278,570.257,-1.28283,23.8499,1.13992
1021,546.322,569.23,-1.26383,23.8689,1.02519
1022,549.801,567.809,-1.24675,23.886,1.13038
1023,553.764,566.627,-1.22791,23.9048,1.02423
1024,557.219,565.175,-1.21084,23.9219,1.00314
1025,560.651,563.888,-1.19412,23.9386,1.04464
1026,564.283,562.678,-1.17671,23.956,1.05753
1027,567.819,561.111,-1.15908,23.9737,0.860834
1028,570.684,559.805,-1.14473,23.988,1.07995
1029,574.319,558.253,-1.12673,24.006,1.08491
1030,577.805,556.347,-1.10865,24.0241,0.906881
1031,580.711,554.749,-1.09354,24.0392,0.965472
1032,583.861,553.159,-1.07745,24.0553,0.865131
1033,586.754,551.855,-1.06303,24.0697,0.992314
1034,589.801,549.87,-1.04649,24.0863,0.903796
1035,592.695,548.272,-1.03143,24.1013,0.990698
1036,595.767,546.352,-1.01491,24.1178,0.842431
1037,598.39,544.737,-1.00087,24.1319,0.952509
1038,601.196,542.666,-0.984999,24.1477,0.905072
1039,603.828,540.656,-0.969914,24.1628,0.884654
1040,606.72,539.153,-0.95517,24.1776,0.874238
1041,609.178,537.098,-0.940599,24.1921,0.904954
1042,611.828,535.121,-0.925517,24.2072,0.85913
1043,614.272,533.151,-0.911198,24.2215,0.857316
1044,616.646,531.107,-0.896909,24.2358,0.773187
1045,619.175,529.741,-0.884023,24.2487,0.903626
1046,621.843,527.776,-0.868962,24.2638,0.770532
1047,623.843,525.776,-0.85612,24.2766,0.857449
1048,626.282,523.799,-0.841829,24.2909,0.916552
1049,628.341,521.082,-0.826554,24.3062,0.823018
1050,630.644,519.146,-0.812837,24.3199,0.787974
1051,632.665,517.096,-0.799704,24.333,0.77462
1052,634.656,515.088,-0.786793,24.3459,0.774805
1053,636.656,513.088,-0.77388,24.3589,0.845957
1054,639.127,511.176,-0.759781,24.373,0.870277
1055,641.153,508.714,-0.745276,24.3875,0.778597
1056,643.157,506.689,-0.732299,24.4004,0.762457
1057,644.669,504.307,-0.719592,24.4131,0.7727
1058,646.669,502.307,-0.706714,24.426,0.790203
1059,648.711,500.251,-0.693543,24.4392,0.853198
1060,650.661,497.817,-0.679323,24.4534,0.848065
1061,652.306,495.166,-0.665189,24.4676,0.768101
1062,654.306,493.166,-0.652387,24.4804,0.857329
1063,656.357,490.785,-0.638099,24.4946,0.783391
1064,657.861,488.336,-0.625042,24.5077,0.7688
1065,659.232,485.864,-0.612229,24.5205,0.761547
1066,661.232,483.864,-0.599536,24.5332,0.85263
1067,662.67,481.075,-0.585326,24.5474,0.784607
1068,664.346,478.746,-0.572249,24.5605,0.852779
1069,666.308,476.296,-0.558036,24.5747,0.781086
1070,667.781,473.846,-0.545018,24.5877,0.919268
1071,669.266,470.817,-0.529697,24.603,0.786115
1072,670.658,468.303,-0.516595,24.6161,0.798296
1073,672.218,465.832,-0.50329,24.6295,0.948755
1074,673.783,462.734,-0.487477,24.6453,0.721218
1075,675.127,460.461,-0.475457,24.6573,1.00864
1076,676.792,457.169,-0.458646,24.6741,0.719863
1077,677.769,454.717,-0.446649,24.6861,0.85911
1078,679.183,451.912,-0.43233,24.7004,0.975765
1079,680.799,448.726,-0.416067,24.7167,0.816675
1080,681.842,445.922,-0.402456,24.7303,0.978746
1081,683.254,442.634,-0.386144,24.7466,0.809399
1082,684.256,439.848,-0.372654,24.7601,0.956939
1083,685.867,436.716,-0.356705,24.776,0.806504
1084,686.711,433.881,-0.343263,24.7895,1.02937
1085,687.853,430.292,-0.326107,24.8066,0.886131
1086,688.717,427.166,-0.311338,24.8214,0.966397
1087,689.841,423.817,-0.295231,24.8375,0.872664
1088,690.733,420.754,-0.280687,24.8521,1.00685
1089,691.763,417.22,-0.263906,24.8688,0.942575
1090,692.697,413.902,-0.248197,24.8845,1.03273
1091,693.787,410.279,-0.230985,24.9018,0.989069
1092,694.329,406.692,-0.2145,24.9182,1.1422
1093,695.146,402.597,-0.195463,24.9373,0.96162
1094,695.836,399.15,-0.179436,24.9533,0.924025
1095,696.684,395.866,-0.164036,24.9687,1.11757
1096,697.133,391.798,-0.14541,24.9873,1.09957
1097,697.751,387.823,-0.127084,25.0057,0.969998
1098,698.377,384.322,-0.110917,25.0218,1.1102
1099,698.755,380.274,-0.0924137,25.0403,1.08949
1100,698.755,376.274,-0.0742555,25.0585,1.08174
1101,699.235,372.34,-0.0562266,25.0765,1.23191
1102,699.17,367.827,-0.0356947,25.097,1.10786
1103,699.216,363.778,-0.0172305,25.1155,1.09471
1104,699.216,359.778,0.00101471,25.1338,1.26502
1105,699.202,355.155,0.0220984,25.1548,1.20486
1106,699.181,350.75,0.0421794,25.1749,1.09208
1107,699.181,346.75,0.0603807,25.1931,1.24657
1108,698.688,342.213,0.0811567,25.2139,1.20162
1109,698.281,337.838,0.101184,25.2339,1.28704
1110,697.797,333.156,0.122634,25.2554,1.21654
1111,697.181,328.75,0.14291,25.2757,1.25135
1112,696.617,324.205,0.163766,25.2965,1.39754
1113,695.797,319.156,0.187058,25.3198,1.23406
1114,694.643,314.783,0.207626,25.3404,1.23538
1115,693.835,310.334,0.228216,25.361,1.44435
1116,692.83,305.137,0.252288,25.385,1.33213
1117,691.185,300.531,0.27449,25.4072,1.29951
1118,690.133,295.884,0.296149,25.4289,1.47216
1119,688.694,290.682,0.320685,25.4534,1.316
1120,686.701,286.273,0.342618,25.4754,1.44104
1121,685.171,281.215,0.366635,25.4994,1.46271
1122,683.163,276.248,0.391014,25.5238,1.32165
1123,681.123,271.858,0.413041,25.5458,1.56285
1124,678.648,266.702,0.439089,25.5718,1.43713
1125,676.668,261.815,0.463041,25.5958,1.42396
1126,674.316,257.158,0.486774,25.6195,1.5024
1127,671.787,252.265,0.511814,25.6446,1.62338
1128,668.673,247.193,0.53887,25.6716,1.45241
1129,665.724,242.763,0.563077,25.6958,1.57573
1130,662.655,237.877,0.589339,25.7221,1.5122
1131,659.727,233.166,0.614542,25.7473,1.52754
1132,656.327,228.717,0.640001,25.7727,1.58034
1133,652.668,224.228,0.66634,25.7991,1.66852
1134,649.18,219.185,0.694149,25.8269,1.63779
1135,645.193,214.691,0.721446,25.8542,1.55614
1136,641.171,210.641,0.747381,25.8801,1.63481
1137,637.099,206.249,0.774628,25.9074,1.61189
1138,633.154,201.834,0.801493,25.9342,1.63176
1139,628.721,197.811,0.828689,25.9614,1.62147
1140,624.286,193.849,0.855713,25.9885,1.76448
1141,619.202,189.845,0.885121,26.0179,1.64133
1142,614.743,185.782,0.912477,26.0452,1.65407
1143,609.804,182.252,0.940045,26.0728,1.85057
1144,604.32,178.247,0.970887,26.1036,1.70542
1145,599.195,174.646,0.999311,26.1321,1.73959
1146,593.849,171.141,1.0283,26.161,1.70662
1147,588.313,168.189,1.05675,26.1895,1.7284
1148,582.718,165.198,1.08555,26.2183,1.80095
1149,576.783,162.288,1.11557,26.2483,1.87794
1150,570.643,159.147,1.14687,26.2796,1.76126
1151,564.668,156.673,1.17622,26.309,1.75599
1152,558.732,154.149,1.20549,26.3382,1.75743
1153,552.703,151.839,1.23478,26.3675,1.81754
1154,546.33,149.842,1.26507,26.3978,1.86636
1155,539.789,147.782,1.29618,26.4289,1.83483
1156,533.223,146.255,1.32676,26.4595,1.83494
1157,526.669,144.693,1.35734,26.4901,1.78816
1158,520.283,143.127,1.38714,26.5199,1.76887
1159,513.858,142.13,1.41663,26.5494,1.95422
1160,506.741,141.174,1.4492,26.5819,1.8917
1161,499.858,140.13,1.48072,26.6135,1.80622
1162,493.22,139.81,1.51083,26.6436,1.90105
1163,486.227,139.894,1.54251,26.6753,1.91393
1164,479.204,139.877,1.57441,26.7072,1.76998
1165,472.706,139.817,1.60391,26.7367,1.86336
1166,465.85,139.802,1.63497,26.7677,1.95551
1167,458.673,140.283,1.66756,26.8003,1.88428
1168,451.797,141.156,1.69896,26.8317,1.96152
1169,444.673,142.283,1.73166,26.8644,1.74452
1170,438.308,143.139,1.76073,26.8935,1.96485
1171,431.237,144.65,1.79348,26.9262,1.82149
1172,424.741,146.299,1.82384,26.9566,1.96073
1173,417.82,148.328,1.85651,26.9893,1.90124
1174,411.146,150.406,1.8882,27.0209,1.8715
1175,404.674,152.741,1.91939,27.0521,1.83325
1176,398.361,155.097,1.94995,27.0827,1.93431
1177,391.781,157.796,1.98219,27.1149,1.94092
1178,385.231,160.636,2.01454,27.1473,1.85549
1179,379.211,163.854,2.04546,27.1782,1.98993
1180,372.666,167.13,2.07863,27.2114,1.84787
1181,366.661,170.331,2.10942,27.2422,1.81547
1182,361.252,174.282,2.13968,27.2724,1.91016
1183,355.198,177.86,2.17152,27.3043,1.82604
1184,349.802,181.862,2.20195,27.3347,1.9161
1185,344.371,186.354,2.23389,27.3666,1.87171
1186,338.709,190.294,2.26508,27.3978,1.79571
1187,333.772,194.686,2.29501,27.4278,1.8454
1188,328.609,199.104,2.32577,27.4585,1.92198
1189,323.788,204.288,2.3578,27.4905,1.90342
1190,318.667,209.078,2.38952,27.5223,1.84464
1191,314.21,214.202,2.42027,27.553,1.71902
1192,310.282,219.161,2.44892,27.5817,1.84137
1193,305.867,224.3,2.47961,27.6123,1.86356
1194,301.816,229.831,2.51067,27.6434,1.79372
1195,297.808,235.08,2.54056,27.6733,1.82068
1196,294.212,240.736,2.57091,27.7036,1.76832
1197,290.63,246.173,2.60038,27.7331,1.82246
1198,287.793,252.275,2.63075,27.7635,1.79319
1199,284.319,257.889,2.66064,27.7934,1.76539
1200,281.872,263.919,2.69006,27.8228,1.65065
1201,278.71,269.137,2.71757,27.8503,1.77933
1202,276.261,275.211,2.74723,27.88,1.75428
1203,273.851,281.196,2.77647,27.9092,1.71825
1204,271.806,287.176,2.8051,27.9378,1.72054
1205,269.806,293.176,2.83378,27.9665,1.71795
1206,267.844,299.182,2.86241,27.9952,1.69237
1207,266.229,305.193,2.89062,28.0234,1.65673
1208,264.671,311.088,2.91823,28.051,1.66463
1209,263.824,317.164,2.94597,28.0787,1.63591
1210,262.674,323.063,2.97324,28.106,1.68134
1211,261.781,329.175,3.00126,28.134,1.62898
1212,260.684,335.071,3.02841,28.1612,1.54403
1213,260.33,340.741,3.05415,28.1869,1.65393
1214,259.731,346.794,3.08171,28.2145,1.63171
1215,259.755,352.798,3.10891,28.2416,1.48614
1216,259.731,358.256,3.13368,28.2664,1.62647
1217,259.756,364.227,-3.1224,28.2935,1.5243
1218,259.767,369.828,-3.097,28.3189,1.62997
1219,260.269,375.795,-3.06983,28.3461,1.45238
1220,260.665,381.114,-3.04562,28.3703,1.54065
1221,261.219,386.746,-3.01995,28.396,1.49695
1222,261.723,392.229,-2.995,28.4209,1.36366
1223,262.66,397.156,-2.97227,28.4437,1.53799
1224,263.718,402.708,-2.94664,28.4693,1.4233
1225,264.734,407.839,-2.92292,28.493,1.38936
1226,266.283,412.715,-2.89976,28.5162,1.5529
1227,267.206,418.369,-2.87388,28.542,1.2391
1228,268.642,422.696,-2.85323,28.5627,1.46164
1229,270.279,427.811,-2.82887,28.5871,1.43765
1230,272.325,432.689,-2.8049,28.611,1.28043
1231,273.871,437.124,-2.78356,28.6324,1.38345
1232,275.867,441.79,-2.76051,28.6554,1.27018
1233,277.17,446.295,-2.73934,28.6766,1.29325
1234,279.117,450.628,-2.71778,28.6981,1.34469
1235,281.149,455.131,-2.69537,28.7206,1.22557
1236,283.148,459.165,-2.67495,28.741,1.29744
1237,285.807,463.149,-2.65332,28.7626,1.21392
1238,287.785,467.14,-2.63309,28.7828,1.26371
1239,290.203,471.095,-2.61203,28.8039,1.22581
1240,292.252,475.108,-2.5916,28.8243,1.28364
1241,294.694,479.139,-2.5702,28.8457,1.17403
1242,297.184,482.659,-2.55064,28.8653,1.20833
1243,299.798,486.241,-2.5305,28.8854,1.21798
1244,302.381,489.885,-2.5102,28.9057,1.08302
1245,304.65,493.148,-2.49215,28.9238,1.12577
1246,307.238,496.369,-2.47338,28.9425,1.16896
1247,309.781,499.828,-2.4539,28.962,1.12083
1248,312.743,502.71,-2.43522,28.9807,1.08485
1249,315.184,505.858,-2.41714,28.9988,1.04391
1250,317.866,508.594,-2.39974,29.0162,1.18713
1251,320.776,511.831,-2.37996,29.036,0.917668
1252,323.142,514.224,-2.36466,29.0513,1.0859
1253,325.858,517.14,-2.34656,29.0694,1.0521
1254,328.646,519.809,-2.32903,29.0869,0.966518
1255,331.21,522.259,-2.31292,29.103,1.06111
1256,334.233,524.717,-2.29523,29.1207,0.937806
1257,336.672,527.154,-2.2796,29.1363,1.02543
1258,339.832,529.238,-2.26251,29.1534,1.04786
1259,342.665,531.841,-2.24505,29.1709,0.870888
1260,345.25,533.717,-2.23053,29.1854,1.02897
1261,348.373,535.837,-2.21339,29.2025,0.846559
1262,350.73,537.864,-2.19928,29.2167,0.997399
1263,353.83,539.809,-2.18265,29.2333,0.899198
1264,356.415,541.862,-2.16767,29.2483,0.930456
1265,359.215,543.81,-2.15216,29.2638,1.01854
1266,362.321,545.885,-2.13518,29.2807,0.724626
1267,364.667,547.141,-2.12311,29.2928,0.957283
1268,367.814,548.711,-2.10715,29.3088,0.893443
1269,370.377,550.811,-2.09226,29.3237,0.879191
1270,373.152,552.456,-2.07761,29.3383,0.814649
1271,375.798,553.847,-2.06403,29.3519,0.866672
1272,378.695,555.166,-2.04959,29.3663,0.900334
1273,381.797,556.339,-2.03458,29.3813,0.794213
1274,384.274,557.893,-2.02134,29.3946,0.873148
1275,387.208,559.168,-2.00679,29.4091,0.770075
1276,389.779,560.327,-1.99396,29.422,0.884039
1277,392.662,561.816,-1.97922,29.4367,0.728706
1278,395.181,562.714,-1.96708,29.4488,0.896234
1279,398.278,563.811,-1.95214,29.4638,0.854949
1280,401.126,565.121,-1.93789,29.478,0.806955
1281,403.832,566.326,-1.92444,29.4915,0.813793
1282,406.697,567.17,-1.91088,29.505,0.748283
1283,409.196,568.334,-1.89841,29.5175,0.814806
1284,412.207,568.737,-1.88483,29.5311,0.867419
1285,415.193,569.82,-1.87037,29.5456,0.72968
1286,417.699,570.763,-1.85821,29.5577,0.81775
1287,420.71,571.122,-1.84458,29.5713,0.74278
1288,423.197,572.33,-1.8322,29.5837,0.835452
1289,426.259,572.701,-1.81827,29.5977,0.844426
1290,429.169,573.812,-1.8042,29.6117,0.864678
1291,432.311,574.272,-1.78979,29.6261,0.657864
1292,434.672,574.741,-1.77883,29.6371,0.912003
1293,437.855,575.848,-1.76363,29.6523,0.776293
1294,440.672,576.259,-1.75069,29.6652,0.869079
1295,443.816,576.759,-1.7362,29.6797,0.793472
1296,446.694,577.166,-1.72298,29.6929,0.86717
1297,449.9,577.159,-1.70853,29.7074,0.781687
1298,452.698,577.801,-1.6955,29.7204,0.699903
1299,455.221,578.279,-1.68383,29.7321,0.937604
1300,458.677,578.209,-1.66821,29.7477,0.888
1301,461.895,578.668,-1.65341,29.7625,0.785307
1302,464.767,578.764,-1.64032,29.7756,0.829755
1303,467.782,579.16,-1.62649,29.7894,0.795286
1304,470.694,579.166,-1.61323,29.8027,0.844349
1305,473.782,579.16,-1.59916,29.8168,0.931695
1306,477.187,579.161,-1.58363,29.8323,0.819557
1307,480.18,579.144,-1.56997,29.846,0.816775
1308,483.164,579.17,-1.55636,29.8596,0.998116
1309,486.812,579.154,-1.53972,29.8762,0.805214
1310,489.758,579.183,-1.5263,29.8896,0.94948
1311,493.237,579.199,-1.51048,29.9054,0.945017
1312,496.669,578.717,-1.49473,29.9212,0.856384
1313,499.812,578.71,-1.48046,29.9355,0.940342
1314,503.222,578.23,-1.46478,29.9511,0.966622
1315,506.738,577.856,-1.44867,29.9673,1.00268
1316,510.337,577.106,-1.43196,29.984,0.953511
1317,513.792,576.653,-1.41607,29.9999,0.938038
1318,517.194,576.212,-1.40044,30.0155,0.970476
1319,520.738,575.856,-1.38426,30.0317,1.01572
1320,524.306,574.748,-1.36733,30.0486,0.963644
1321,527.818,574.314,-1.35127,30.0647,0.958335
1322,531.147,573.16,-1.3353,30.0806,1.11362
1323,535.149,572.383,-1.31674,30.0992,1.01892
1324,538.668,571.128,-1.29976,30.1162,1.01853
1325,542.308,570.32,-1.28278,30.1331,1.14872
1326,546.345,569.16,-1.26364,30.1523,1.01939
1327,549.826,567.816,-1.24665,30.1693,1.12169
1328,553.794,566.741,-1.22795,30.188,1.01911
1329,557.189,565.176,-1.21097,30.205,1.1653
1330,561.25,563.867,-1.19155,30.2244,1.16368
1331,565.22,562.328,-1.17215,30.2438,1.07619
1332,568.644,560.335,-1.15421,30.2617,1.20363
1333,572.707,558.651,-1.13415,30.2818,1.22408
1334,576.707,556.651,-1.11375,30.3022,1.20213
1335,580.626,554.67,-1.09372,30.3222,1.21695
1336,584.687,552.836,-1.07343,30.3425,1.16585
1337,588.358,550.666,-1.054,30.3619,1.26958
1338,592.358,548.315,-1.03284,30.3831,1.2786
1339,596.319,545.837,-1.01153,30.4044,1.3129
1340,600.315,543.183,-0.989653,30.4263,1.18544
1341,603.881,540.727,-0.969895,30.446,1.26838
1342,607.86,538.327,-0.948756,30.4672,1.39782
1343,611.892,535.185,-0.925459,30.4905,1.32596
1344,615.787,532.299,-0.903359,30.5126,1.26682
1345,619.184,529.137,-0.882246,30.5337,1.34362
1346,623.218,526.306,-0.859852,30.5561,1.34668
1347,626.691,522.802,-0.837407,30.5785,1.50576
1348,630.819,519.163,-0.812311,30.6036,1.32087
1349,634.318,515.838,-0.790297,30.6256,1.36356
1350,637.868,512.338,-0.767571,30.6484,1.54987
1351,641.904,508.35,-0.74174,30.6742,1.42309
1352,645.199,504.314,-0.718022,30.6979,1.46413
1353,648.756,500.311,-0.693619,30.7223,1.38253
1354,651.892,496.344,-0.670577,30.7453,1.54128
1355,655.23,491.803,-0.644889,30.771,1.58891
1356,658.72,487.161,-0.618407,30.7975,1.46356
1357,661.778,482.77,-0.594015,30.8219,1.4755
1358,664.781,478.288,-0.569423,30.8465,1.62702
1359,667.818,473.173,-0.542306,30.8736,1.54848
1360,670.639,468.268,-0.516498,30.8994,1.55915
1361,673.248,463.203,-0.490512,30.9254,1.57365
1362,676.334,458.324,-0.464285,30.9516,1.67775
1363,678.819,452.708,-0.436322,30.9796,1.48327
1364,681.21,447.836,-0.411601,31.0043,1.60147
1365,683.22,442.328,-0.38491,31.031,1.79373
1366,685.835,436.307,-0.355014,31.0609,1.64212
1367,687.858,430.65,-0.327646,31.0883,1.7283
1368,689.858,424.65,-0.298841,31.1171,1.54468
1369,691.153,419.143,-0.273096,31.1428,1.6967
1370,692.745,413.15,-0.244818,31.1711,1.70595
1371,694.275,407.103,-0.216385,31.1995,1.80943
1372,695.835,400.666,-0.186228,31.2297,1.64101
1373,696.669,394.717,-0.158878,31.257,1.79301
1374,697.886,388.263,-0.128994,31.2869,1.66392
1375,698.349,382.186,-0.101262,31.3147,1.73176
1376,698.692,375.861,-0.0723996,31.3435,1.82334
1377,699.214,369.215,-0.0420106,31.3739,1.76892
1378,699.256,362.747,-0.0125286,31.4034,1.74277
1379,699.263,356.378,0.0165176,31.4324,1.76188
1380,699.15,349.938,0.0458822,31.4618,1.96096
1381,698.734,342.78,0.0785649,31.4945,1.77863
1382,698.252,336.291,0.108209,31.5241,1.76113
1383,697.096,329.946,0.137561,31.5535,1.87444
1384,696.279,323.141,0.168801,31.5847,1.8793
1385,695.179,316.353,0.200123,31.616,1.82596
1386,693.797,309.816,0.230556,31.6465,1.8561
1387,692.289,303.188,0.261491,31.6774,1.83052
1388,690.292,296.788,0.292,31.7079,1.84911
1389,688.294,290.322,0.322818,31.7387,1.85599
1390,686.283,283.823,0.353751,31.7697,1.92655
1391,683.853,277.19,0.38586,31.8018,1.85243
1392,680.673,271.17,0.416734,31.8327,1.83244
1393,678.311,264.87,0.447275,31.8632,1.93399
1394,674.665,258.777,0.479508,31.8954,1.81957
1395,671.821,252.745,0.509834,31.9258,1.86442
1396,668.341,246.87,0.540908,31.9568,1.93132
1397,664.743,240.777,0.573097,31.989,1.96784
1398,660.743,234.777,0.605894,32.0218,1.87895
1399,656.708,229.198,0.63721,32.0531,1.82399
1400,652.699,223.849,0.66761,32.0835,1.93791
1401,648.31,218.261,0.699909,32.1158,1.93744
1402,643.787,212.774,0.732199,32.1481,1.93798
1403,638.612,207.883,0.764499,32.1804,1.928
1404,633.759,202.747,0.796632,32.2126,1.83056
1405,628.739,198.295,0.827141,32.2431,1.93448
1406,623.763,193.22,0.859383,32.2753,1.91648
1407,618.336,188.747,0.891324,32.3073,1.88634
1408,612.666,184.772,0.922763,32.3387,1.92951
1409,607.192,180.274,0.954921,32.3708,1.75524
1410,601.851,176.675,0.984175,32.4001,1.96474
1411,595.851,172.675,1.01692,32.4328,1.90981
1412,589.766,169.195,1.04875,32.4647,1.85541
1413,583.847,165.831,1.07967,32.4956,1.85763
1414,577.854,162.574,1.11064,32.5266,1.79837
1415,571.847,159.831,1.14061,32.5565,1.99727
1416,565.257,156.592,1.1739,32.5898,1.7543
1417,559.22,154.328,1.20313,32.6191,1.87348
1418,552.687,152.164,1.23436,32.6503,1.84686
1419,546.308,149.862,1.26514,32.6811,1.84431
1420,539.823,147.906,1.29588,32.7118,1.84545
1421,533.258,146.223,1.32664,32.7426,1.83935
1422,526.665,144.766,1.35729,32.7732,1.78149
1423,520.314,143.156,1.38698,32.8029,1.7772
1424,513.842,142.266,1.4166,32.8325,1.82617
1425,507.223,141.15,1.44704,32.863,1.79251
1426,500.644,140.756,1.47691,32.8928,1.72097
1427,494.374,139.85,1.5056,32.9215,1.77785
1428,487.834,139.845,1.53523,32.9512,1.81206
1429,481.182,139.773,1.56543,32.9814,1.76782
1430,474.694,139.834,1.59489,33.0108,1.71882
1431,468.379,139.875,1.62354,33.0395,1.78312
1432,461.842,140.303,1.65326,33.0692,1.64744
1433,455.799,140.715,1.68072,33.0966,1.82251
1434,449.188,141.822,1.71109,33.127,1.64223
1435,443.151,142.285,1.73846,33.1544,1.67246
1436,437.187,143.851,1.76634,33.1823,1.63951
1437,431.205,144.692,1.79366,33.2096,1.70157
1438,425.151,146.285,1.82202,33.2379,1.68593
1439,419.157,147.87,1.85012,33.266,0
